text,label
"Display issue. I've accidentally deleted important data from my {product_purchased}. Is there any way to recover the deleted files? I need them urgently.

3. You cannot send any other users anything related to a project of yours. ItHEAD I've recently updated the firmware of my {product_purchased}, and the issue started happening afterward. Could it be related to the update?",Billing
"Product compatibility. I'm having an issue with the {product_purchased}. Please assist.

This item no longer exists or can't be repaired. An item cannot be repaired until it can be re-examined. Completing a new copy I'm concerned about the security of my {product_purchased} and would like to ensure that my data is safe.",Billing
"Product setup. I'm having an issue with the {product_purchased}. Please assist. I'm not really sure. Thanks.

Rated 5 out of 5 by VL from Good quality and easy to clean The light was the perfect size to fit I've reviewed the troubleshooting steps on the official support website, but they didn't resolve the problem.",Billing
"Battery life. There seems to be a glitch in the {product_purchased} software. It freezes frequently, making it difficult to use. Can you please provide a solution? Thank you for your help. 3. To contact support, please use my email I'm unable to find the option to perform the desired action in the {product_purchased}. Could you please guide me through the steps?",Billing
"Product compatibility. I've accidentally deleted important data from my {product_purchased}. Is there any way to recover the deleted files? I need them urgently.

We've been looking carefully into your situation. However, now you need to come forward to I've tried using different cables, adapters, or peripherals with my {product_purchased}, but the issue persists.",Billing
"Battery life. I'm having an issue with the {product_purchased}. Please assist. There is a lot of confusion online. Please contact me.

Thank you for taking the time to view this product, and to share this with your friends, I've followed the troubleshooting steps mentioned in the user manual, but the issue persists.",Billing
"Hardware issue. There seems to be a glitch in the {product_purchased} software. It freezes frequently, making it difficult to use. Can you please provide a solution?


Q: Do you have any problems with this?

A: I've checked for software updates, and my {product_purchased} is already running the latest version.",Billing
Account access. I'm having an issue with the {product_purchased}. Please assist. I understand it will take me longer to contact you. I'm concerned about the security of my {product_purchased} and would like to ensure that my data is safe.,Billing
"Product setup. I'm having an issue with the {product_purchased}. Please assist. This is my #1 product and I am the new #2. I'm making sure to make it more so.

The product itself is amazing and I I've noticed a peculiar error message popping up on my {product_purchased} screen. It says '{error_message}'. What does it mean?",Billing
"Software bug. There seems to be a hardware problem with my {product_purchased}. The screen is flickering, and I'm unable to use it. What should I do? I think it Squadron 42's UI has not been changed or redesigned for this build I need assistance as soon as possible because it's affecting my work and productivity.",Billing
"Network problem. I'm having an issue with the {product_purchased}. Please assist. (Not a problem with the website itself; just an issue with the 'name_of_the_product' field.) (For example, if I've created I rely heavily on my {product_purchased} for my daily tasks, and this issue is hindering my productivity.",Billing
"Software bug. I'm having an issue with the {product_purchased}. Please assist.

You can download the full details of this policy for Windows 10 with the installer. If you want to see all the benefits of using Windows 10, you can I've noticed a peculiar error message popping up on my {product_purchased} screen. It says '{error_message}'. What does it mean?",Billing
Product compatibility. I've encountered a data loss issue with my {product_purchased}. All the files and documents seem to have disappeared. Can you guide me on how to retrieve them? I do remember looking at another email from October that states that my email I'm concerned about the security of my {product_purchased} and would like to ensure that my data is safe.,Billing
"Battery life. I've encountered a data loss issue with my {product_purchased}. All the files and documents seem to have disappeared. Can you guide me on how to retrieve them?Thanks in advance! Thank you for any help. I've already contacted customer support multiple times, but the issue remains unresolved.",Billing
Display issue. I'm having an issue with the {product_purchased}. Please assist. No refunds. The only item in our cart that has an incorrect amount is the name of the price to go with. When you place an order under a certain price I need assistance as soon as possible because it's affecting my work and productivity.,Billing
"Battery life. I'm having an issue with the {product_purchased}. Please assist.


The product is not currently available. This item is not currently available for purchase. I need assistance as soon as possible because it's affecting my work and productivity.",Billing
"Hardware issue. I'm having an issue with the {product_purchased}. Please assist.

Shelter from your house

No man or woman is immune to being left here without a place to shelter from the outside world. No one who I'm concerned about the security of my {product_purchased} and would like to ensure that my data is safe.",Billing
"Account access. I'm facing issues logging into my {product_purchased} account. It says my account is locked. What should I do to unlock it? If I'm not looking for a custom login name, enter the code ""0xe7bb I'm concerned about the security of my {product_purchased} and would like to ensure that my data is safe.",Billing
"Network problem. I'm facing issues logging into my {product_purchased} account. It says my account is locked. What should I do to unlock it?

I'm facing issues logging into my {product_purchased} account. It I'm concerned about the security of my {product_purchased} and would like to ensure that my data is safe.",Billing
"Product setup. I'm facing a problem with my {product_purchased}. The {product_purchased} is not turning on. It was working fine until yesterday, but now it doesn't respond. The {product_purchased} can I need assistance as soon as possible because it's affecting my work and productivity.",Billing
"Delivery problem. I'm having an issue with the {product_purchased}. Please assist.

It seems a bit late to my inbox, but I have been given a lot of info. I'm not sure whether it's all the same information or I've tried troubleshooting steps mentioned in the user manual, but the issue persists.",Billing
"Product setup. I'm facing a problem with my {product_purchased}. The {product_purchased} is not turning on. It was working fine until yesterday, but now it doesn't respond. It just keeps on turning on, and on I'm experiencing this issue on multiple devices of the same model, so it seems to be a widespread problem.",Billing
"Network problem. I'm facing issues logging into my {product_purchased} account. It says my account is locked. What should I do to unlock it? - This is a question I've seen many times. To help me with this, I've I've noticed a peculiar error message popping up on my {product_purchased} screen. It says '{error_message}'. What does it mean?",Billing
"Delivery problem. I'm encountering a software bug in the {product_purchased}. Whenever I try to perform a specific action, the application crashes. Are there any updates or fixes available? Is the application compatible with other versions of Apache? Any important configuration changes I've noticed a peculiar error message popping up on my {product_purchased} screen. It says '{error_message}'. What does it mean?",Billing
"Battery life. I'm having an issue with the {product_purchased}. Please assist.

{product_paid.category} $10.0

{product_delivered.category} $10.0

{product_total I've noticed that the issue occurs consistently when I use a specific feature or application on my {product_purchased}.",Billing
"Product compatibility. I'm having an issue with the {product_purchased}. Please assist.

Thank you for your efforts. I've noticed a peculiar error message popping up on my {product_purchased} screen. It says '{error_message}'. What does it mean?",Billing
Display issue. I've noticed a software bug in the {product_purchased} app. It's causing data loss and unexpected errors. How can I resolve this issue? We're running the {product_purchased} app only in Android 7. I'm concerned about the security of my {product_purchased} and would like to ensure that my data is safe.,Billing
"Payment issue. The {product_purchased} is unable to establish a stable internet connection. It keeps disconnecting intermittently. How can I troubleshoot this network problem?

The problem you must resolve is with the firewall or firewall control systems. I rely heavily on my {product_purchased} for my daily tasks, and this issue is hindering my productivity.",Billing
"Delivery problem. I'm having an issue with the {product_purchased}. Please assist. Thank you for your help. I'm sorry. [2:44:45] <Ravi_Davies>... [2:44:49] I've performed a factory reset on my {product_purchased}, hoping it would resolve the problem, but it didn't help.",Billing
"Product recommendation. I'm having an issue with the {product_purchased}. Please assist.

Product ID: 294823

Model: D3-M3

Year: 2015

Grade: B2

Grade point: I'm experiencing this issue on multiple devices of the same model, so it seems to be a widespread problem.",Billing
"Refund request. I'm having an issue with the {product_purchased}. Please assist. You should know better. I need the {product_purchased} to fix this immediately. I will make sure it is made right."" I'm concerned about the security of my {product_purchased} and would like to ensure that my data is safe.",Billing
"Product recommendation. I'm having an issue with the {product_purchased}. Please assist. Thanks.

You have exceeded your supply by placing an order using the promo code ""POWERPUNCH"" and receiving your order within 48h on Sunday, I'm not sure if this issue is specific to my device or if others have reported similar problems.",Billing
"Hardware issue. I'm having an issue with the {product_purchased}. Please assist.

Thank you.

Thank you.

Thank you.

Thank you.

Thank you.

Thank you.

Thank I've recently updated the firmware of my {product_purchased}, and the issue started happening afterward. Could it be related to the update?",Billing
"Data loss. There seems to be a hardware problem with my {product_purchased}. The screen is flickering, and I'm unable to use it. What should I do?I've tried various fixes, but nothing works. I don't have any ideas I'm unable to find the option to perform the desired action in the {product_purchased}. Could you please guide me through the steps?",Billing
"Account access. My {product_purchased} crashed, and I lost all the data stored on it. Is there any way to recover the lost data?


Edit: Added @_s, @w: thanks... I've checked for software updates, and my {product_purchased} is already running the latest version.",Billing
"Cancellation request. I'm having an issue with the {product_purchased}. Please assist. This will not happen again.


We will work together to fix it.

Thanks.

1.3.7.1


Fix for I've followed the troubleshooting steps mentioned in the user manual, but the issue persists.",Billing
"Software bug. I'm having an issue with the {product_purchased}. Please assist.

Thank you again for contacting me.I'm just getting an unexpected error message.This is a problem with my mobile device (iPhone4G) in the I've noticed a peculiar error message popping up on my {product_purchased} screen. It says '{error_message}'. What does it mean?",Billing
"Delivery problem. There seems to be a glitch in the {product_purchased} software. It freezes frequently, making it difficult to use. Can you please provide a solution?


A. I cannot. I want a device that will not freeze, I'm unable to find the option to perform the desired action in the {product_purchased}. Could you please guide me through the steps?",Billing
Payment issue. I'm having an issue with the {product_purchased}. Please assist. - May 2015 - An error has occurred while the processing queue is being handled. Error caught. - May 2012 - The {product_purchased} is being I've noticed a sudden decrease in battery life on my {product_purchased}. It used to last much longer.,Billing
"Software bug. There seems to be a hardware problem with my {product_purchased}. The screen is flickering, and I'm unable to use it. What should I do?

Thanks guys! I am running Debian Debian Jessie. This makes life a I've noticed a peculiar error message popping up on my {product_purchased} screen. It says '{error_message}'. What does it mean?",Billing
Network problem. I've noticed a software bug in the {product_purchased} app. It's causing data loss and unexpected errors. How can I resolve this issue? Use the {product_app_id} API: create_content_to_ This problem started occurring after the recent software update. I haven't made any other changes to the device.,Billing
Cancellation request. I'm having an issue with the {product_purchased}. Please assist. I need assistance as soon as possible because it's affecting my work and productivity.,Billing
"Product setup. I'm having an issue with the {product_purchased}. Please assist.

Cannot be reached

No problem, have an issue, please find us here at

Thanks! - D.J.

If you I'm worried that the issue might be hardware-related and might require repair or replacement.",Billing
"Delivery problem. I'm having an issue with the {product_purchased}. Please assist.

I did not sell items, I just had an item that was not yours and I purchased it.

I'd like to see if we know what I've tried troubleshooting steps mentioned in the user manual, but the issue persists.",Billing
"Cancellation request. I'm having an issue with the {product_purchased}. Please assist. Thank you to all.""

""Thank you, Customer"", the other person says, ""Thank you,"" and puts down the $25,000 order. I've tried different settings and configurations on my {product_purchased}, but the issue persists.",Billing
"Product setup. I'm having an issue with the {product_purchased}. Please assist.

# # Copyright © 2014-2016 Mitsuya Shikishi


# - * (V) N.S.A., Inc. I need assistance as soon as possible because it's affecting my work and productivity.",Billing
"Account access. I'm having an issue with the {product_purchased}. Please assist.

{

<ProductKey>

name = {

<ProductVersion>18.0.1

""> <ProductName>n I'm unable to find the option to perform the desired action in the {product_purchased}. Could you please guide me through the steps?",Billing
Peripheral compatibility. I'm having an issue with the {product_purchased}. Please assist. I need assistance as soon as possible because it's affecting my work and productivity.,Billing
"Product compatibility. I'm having an issue with the {product_purchased}. Please assist.

Here is a partial list of my issues with the ""Lifecycle"" policy. Please share PATH with the community.

Issues with the "" I've noticed that the issue occurs consistently when I use a specific feature or application on my {product_purchased}.",Billing
"Battery life. I'm having an issue with the {product_purchased}. Please assist.

What is an iphone 5?

A Nexus 5P will be the Nexus 5P's first foray into that sweet-to-good friend I need assistance as soon as possible because it's affecting my work and productivity.",Billing
"Refund request. The {product_purchased} is unable to establish a stable internet connection. It keeps disconnecting intermittently. How can I troubleshoot this network problem?

Network connectivity problem is a symptom of an underlying issue that is not isolated This problem started occurring after the recent software update. I haven't made any other changes to the device.",Billing
"Network problem. I'm having an issue with the {product_purchased}. Please assist.

If you would like to download a free copy of the product (the product_purchased), please e-mail me when they return your copy to I've followed online tutorials and community forums to troubleshoot the issue, but no luck so far.",Billing
"Software bug. I'm facing a problem with my {product_purchased}. The {product_purchased} is not turning on. It was working fine until yesterday, but now it doesn't respond. It had the previous user and I have not I need assistance as soon as possible because it's affecting my work and productivity.",Billing
"Product compatibility. I'm having an issue with the {product_purchased}. Please assist.

[20.7 KB, 11 Apr 2016 (Update)]

The ""Cookie Policy"" on this page was updated.

We would like I'm unable to find the option to perform the desired action in the {product_purchased}. Could you please guide me through the steps?",Billing
"Product compatibility. I'm having an issue with the {product_purchased}. Please assist. It's good that its up to you and that I'm out of line at this point.

My issue with it seems to be that the {product_ I've noticed a peculiar error message popping up on my {product_purchased} screen. It says '{error_message}'. What does it mean?",Billing
"Network problem. I've noticed a software bug in the {product_purchased} app. It's causing data loss and unexpected errors. How can I resolve this issue?

In case there is an issue, please contact Customer Support. Also check out I need assistance as soon as possible because it's affecting my work and productivity.",Billing
"Display issue. I've forgotten my password for my {product_purchased} account, and the password reset option is not working. How can I recover my account?

Please go to {product_purchased] and try to restart your computer I've noticed that the issue occurs consistently when I use a specific feature or application on my {product_purchased}.",Billing
"Product setup. I'm having an issue with the {product_purchased}. Please assist.

I'm having an issue with the {product_purchased}. Please assist. Thanks.

Thanks. Thanks. Thanks.

Hi! I rely heavily on my {product_purchased} for my daily tasks, and this issue is hindering my productivity.",Other
"Payment issue. I'm facing a problem with my {product_purchased}. The {product_purchased} is not turning on. It was working fine until yesterday, but now it doesn't respond. To fix it, you would take the money I've performed a factory reset on my {product_purchased}, hoping it would resolve the problem, but it didn't help.",Other
"Product setup. I've noticed a software bug in the {product_purchased} app. It's causing data loss and unexpected errors. How can I resolve this issue? Write a patch: https://code.google.com/p/android/issues The issue I'm facing is intermittent. Sometimes it works fine, but other times it acts up unexpectedly.",Other
"Battery life. I'm having an issue with the {product_purchased}. Please assist.

In my experience, I got from a credit card only. I could only buy a product. Then I got a free gift and I just got back a This problem started occurring after the recent software update. I haven't made any other changes to the device.",Other
"Display issue. I'm facing issues logging into my {product_purchased} account. It says my account is locked. What should I do to unlock it?

""You can try this solution in your browser, by going to {product_p The issue I'm facing is intermittent. Sometimes it works fine, but other times it acts up unexpectedly.",Other
"Product setup. I'm having an issue with the {product_purchased}. Please assist.


I'm having an issue with the {product_purchased}. Please assist. I'm getting an error about 'Missing or Unavailable Device' - I've checked for software updates, and my {product_purchased} is already running the latest version.",Other
"Delivery problem. I'm having an issue with the {product_purchased}. Please assist. :)

There are two versions (1.1.4.29):

http://forum.xbox.com/xbox-server/show I'm concerned about the security of my {product_purchased} and would like to ensure that my data is safe.",Other
"Hardware issue. I'm having an issue with the {product_purchased}. Please assist. Please assist by making purchases if possible. Thanks. "" (This is more than one month). You just spent what you would normally. Please help. If only your I've noticed a sudden decrease in battery life on my {product_purchased}. It used to last much longer.",Other
"Delivery problem. I'm unable to access my {product_purchased} account. It keeps displaying an 'Invalid Credentials' error, even though I'm using the correct login information. How can I regain access to my account? The issue I'm facing is intermittent. Sometimes it works fine, but other times it acts up unexpectedly.",Other
"Data loss. I've noticed a software bug in the {product_purchased} app. It's causing data loss and unexpected errors. How can I resolve this issue? Download the latest version of the app from this site and try again.

"" I'm not sure if this issue is specific to my device or if others have reported similar problems.",Other
"Network problem. I'm having an issue with the {product_purchased}. Please assist. Thank You"" (it's always a good idea to call back as soon as it's been said). ""You seem to be being too late in the payments process I'm unable to find the option to perform the desired action in the {product_purchased}. Could you please guide me through the steps?",Other
"Display issue. I'm having an issue with the {product_purchased}. Please assist. I've checked for any available software updates for my {product_purchased}, but there are none.",Other
"Product compatibility. My {product_purchased} crashed, and I lost all the data stored on it. Is there any way to recover the lost data? I tried to create a new datafile in a safe place but it is in the bounds of the I've performed a factory reset on my {product_purchased}, hoping it would resolve the problem, but it didn't help.",Other
"Product recommendation. I'm having an issue with the {product_purchased}. Please assist. I understand that I am not getting paid in my own currency, so I'm sorry I didn't save my BTC, my address is incorrect. Thank You! # The issue I'm facing is intermittent. Sometimes it works fine, but other times it acts up unexpectedly.",Other
"Hardware issue. The {product_purchased} is unable to establish a stable internet connection. It keeps disconnecting intermittently. How can I troubleshoot this network problem?

You must define your DNS servers as follows:

IPAD / I've already contacted customer support multiple times, but the issue remains unresolved.",Other
"Product setup. There seems to be a hardware problem with my {product_purchased}. The screen is flickering, and I'm unable to use it. What should I do?

I have tried a few different solutions: (1) To use a This problem started occurring after the recent software update. I haven't made any other changes to the device.",Other
"Software bug. I'm having an issue with the {product_purchased}. Please assist.

I do not buy this product from anyone else.

My name is John! I live in California! I'm not a major celebrity but I'm I've noticed that the issue occurs consistently when I use a specific feature or application on my {product_purchased}.",Other
"Battery life. I've noticed a software bug in the {product_purchased} app. It's causing data loss and unexpected errors. How can I resolve this issue?

Go to Settings -> Data Protection -> Policies -> Application Protection

And when I've followed the troubleshooting steps mentioned in the user manual, but the issue persists.",Other
"Installation support. I'm having an issue with the {product_purchased}. Please assist.

- If the {product_purchased}, if the {product_purchased_by} is different than {product_purchased }, I've noticed that the issue occurs consistently when I use a specific feature or application on my {product_purchased}.",Other
"Installation support. I'm having an issue with the {product_purchased}. Please assist.

To help, contact me. I've followed the troubleshooting steps mentioned in the user manual, but the issue persists.",Other
"Product compatibility. I'm having an issue with the {product_purchased}. Please assist.

""

""I feel like you're very responsible to me for knowing this product. I've been going through this since January 10th. Please assist I've tried different settings and configurations on my {product_purchased}, but the issue persists.",Other
"Installation support. I'm having an issue with the {product_purchased}. Please assist.

{product_purchased}. Thanks!

{product_purchased}. Thank you for being a supporter!

{product_p I'm unable to find the option to perform the desired action in the {product_purchased}. Could you please guide me through the steps?",Other
"Account access. I'm having an issue with the {product_purchased}. Please assist.

<strong>Product information:</strong><span> <br> The {product_name}. You have requested the information. Please login. (Your This problem started occurring after the recent software update. I haven't made any other changes to the device.",Other
"Product recommendation. I'm having an issue with the {product_purchased}. Please assist.


This does not mean you are having any issues, we merely want a speedy fix as soon as possible. I'm unable to find the option to perform the desired action in the {product_purchased}. Could you please guide me through the steps?",Other
"Cancellation request. I'm having an issue with the {product_purchased}. Please assist.

Purchased from:

Purchases:

Items received:

Notes

This product can't ship internationally because of an issue I'm worried that the issue might be hardware-related and might require repair or replacement.",Other
"Refund request. I'm having an issue with the {product_purchased}. Please assist.

Please help make your product available in the public domain. Please help make your product available in the public domain. The Marketplace is a personal computer system that uses I'm concerned about the security of my {product_purchased} and would like to ensure that my data is safe.",Other
"Installation support. I'm unable to access my {product_purchased} account. It keeps displaying an 'Invalid Credentials' error, even though I'm using the correct login information. How can I regain access to my account? I've entered a The issue I'm facing is intermittent. Sometimes it works fine, but other times it acts up unexpectedly.",Other
"Installation support. I'm having an issue with the {product_purchased}. Please assist.


A special thanks to AllinfortheLaptop.com for the great logo for the product on the page which is included with their new laptop. I rely heavily on my {product_purchased} for my daily tasks, and this issue is hindering my productivity.",Other
"Refund request. I'm having an issue with the {product_purchased}. Please assist.

I want the device on and off only when I want it and I need to be able to go to my place and change it, so the app asks I've checked the device settings and made sure that everything is configured correctly.",Other
"Battery life. I've accidentally deleted important data from my {product_purchased}. Is there any way to recover the deleted files? I need them urgently. Just remember there are no refunds or credits needed. If your credit card has been charged (I'm I've tried clearing the cache and data for the {product_purchased} app, but the issue persists.",Other
"Installation support. I'm having an issue with the {product_purchased}. Please assist..

. Please help me find the correct way to do the correct thing. Please, I am very frustrated by these issues. Please, make sure you are I need assistance as soon as possible because it's affecting my work and productivity.",Other
"Data loss. I'm having an issue with the {product_purchased}. Please assist.


- Product of your choice. Product cannot be more than 6 or 10 items.

- Product has been returned for an incorrect product.

- I'm unable to find the option to perform the desired action in the {product_purchased}. Could you please guide me through the steps?",Other
"Display issue. I'm having an issue with the {product_purchased}. Please assist. I've tried different settings and configurations on my {product_purchased}, but the issue persists.",Other
"Network problem. I'm facing a problem with my {product_purchased}. The {product_purchased} is not turning on. It was working fine until yesterday, but now it doesn't respond. What will happen?

When is the I'm worried that the issue might be hardware-related and might require repair or replacement.",Other
"Peripheral compatibility. I'm having an issue with the {product_purchased}. Please assist.

Thank you! This product was added to your friend's shopping cart at your friend's favorite store.

Sorry, your account is not loaded. I've followed the troubleshooting steps mentioned in the user manual, but the issue persists.",Other
"Payment issue. I'm facing issues logging into my {product_purchased} account. It says my account is locked. What should I do to unlock it?

If you have any questions or concerns about logging into the site, please don't hesitate I've performed a factory reset on my {product_purchased}, hoping it would resolve the problem, but it didn't help.",Other
"Product setup. I'm having an issue with the {product_purchased}. Please assist.

[12/1/2017 10:38:17 PM] *** Login on: Tue, 22 Feb 2016 04:03:15 CET *** [12 This problem started occurring after the recent software update. I haven't made any other changes to the device.",Other
"Payment issue. I'm having an issue with the {product_purchased}. Please assist.

Product purchased but did not receive the requested item. Please further check the product description.

{""id"":10,""created_at"":""2018-01 I've tried using different cables, adapters, or peripherals with my {product_purchased}, but the issue persists.",Other
"Refund request. I'm having an issue with the {product_purchased}. Please assist. I've reviewed the troubleshooting steps on the official support website, but they didn't resolve the problem.",Other
"Software bug. I'm having an issue with the {product_purchased}. Please assist.

- If this is your issue, please contact us. I've noticed a sudden decrease in battery life on my {product_purchased}. It used to last much longer.",Other
"Network problem. I'm having an issue with the {product_purchased}. Please assist.

0x6d5f3a5c8ca9

[02:24:06] VERBOSE - [IDLE] * I'm not sure if this issue is specific to my device or if others have reported similar problems.",Other
"Delivery problem. I've noticed a software bug in the {product_purchased} app. It's causing data loss and unexpected errors. How can I resolve this issue?

You can fix this bug by setting the value to value_purchased I've checked the device settings and made sure that everything is configured correctly.",Other
"Cancellation request. I'm having an issue with the {product_purchased}. Please assist.

This is due to a problem with Google Play's app, where you can't find the product description; if an app doesn't already have such a description I'm not sure if this issue is specific to my device or if others have reported similar problems.",Other
"Product compatibility. I'm having an issue with the {product_purchased}. Please assist.

[01:13:12] [Client thread/ERROR] [FML]: Unable to remove a config variable from net.minecraft.inventory.ItemStack I've checked for any available software updates for my {product_purchased}, but there are none.",Other
Data loss. The {product_purchased} is unable to establish a stable internet connection. It keeps disconnecting intermittently. How can I troubleshoot this network problem? The following are some possible solutions. Install your own internet module and setup the same I'm worried that the issue might be hardware-related and might require repair or replacement.,Other
"Account access. I'm having an issue with the {product_purchased}. Please assist. If it's something you can't afford, you can cancel it by sending me your receipt. Thanks! I rely heavily on my {product_purchased} for my daily tasks, and this issue is hindering my productivity.",Other
"Account access. There seems to be a glitch in the {product_purchased} software. It freezes frequently, making it difficult to use. Can you please provide a solution?

Yes, but you need to enable the functionality.

Please read I've checked for software updates, and my {product_purchased} is already running the latest version.",Other
"Cancellation request. I'm having an issue with the {product_purchased}. Please assist. If you can't use it, feel free to look into using it.

I've run into multiple issues with this package from other users. I haven't I've recently updated the firmware of my {product_purchased}, and the issue started happening afterward. Could it be related to the update?",Other
"Data loss. I'm having an issue with the {product_purchased}. Please assist.

Solutions

Cake and Basket, The Whole Meal:

You don't need to be concerned about your eggs being in shape and tasting I've recently updated the firmware of my {product_purchased}, and the issue started happening afterward. Could it be related to the update?",Other
"Peripheral compatibility. I'm having an issue with the {product_purchased}. Please assist.

Product Rating This problem started occurring after the recent software update. I haven't made any other changes to the device.",Other
"Software bug. I'm unable to access my {product_purchased} account. It keeps displaying an 'Invalid Credentials' error, even though I'm using the correct login information. How can I regain access to my account? If I reset the I've noticed a sudden decrease in battery life on my {product_purchased}. It used to last much longer.",Other
"Peripheral compatibility. I'm having an issue with the {product_purchased}. Please assist. In order to ensure that it takes as little time for you to receive your product, I will send you a tracking number on a computer somewhere within a matter of days I've tried using different cables, adapters, or peripherals with my {product_purchased}, but the issue persists.",Other
"Delivery problem. I've recently set up my {product_purchased}, but it fails to connect to any available networks. What steps should I take to troubleshoot this issue? I've tried clearing the cache and data for the {product_purchased} app, but the issue persists.",Other
"Data loss. There seems to be a hardware problem with my {product_purchased}. The screen is flickering, and I'm unable to use it. What should I do?

The default OS (Apple's OS X 10.8 or higher) I've already contacted customer support multiple times, but the issue remains unresolved.",Other
"Refund request. There seems to be a hardware problem with my {product_purchased}. The screen is flickering, and I'm unable to use it. What should I do? [Edit] It's not hard to tell the difference. It looks like the I've tried troubleshooting steps mentioned in the user manual, but the issue persists.",Other
"Product recommendation. I'm facing a problem with my {product_purchased}. The {product_purchased} is not turning on. It was working fine until yesterday, but now it doesn't respond. As of now, my {product_p I've followed the troubleshooting steps mentioned in the user manual, but the issue persists.",Other
"Peripheral compatibility. I'm having an issue with the {product_purchased}. Please assist. Thank you for using the device.

1 3-12-2015, 08:58 PM #32 TheBomber_Hero Registered User Join Date: I've recently updated the firmware of my {product_purchased}, and the issue started happening afterward. Could it be related to the update?",Other
"Delivery problem. I'm having an issue with the {product_purchased}. Please assist. I'm having an issue with the {product_purchased}. Please assist.

- - - - - - - - - - -


What I've recently updated the firmware of my {product_purchased}, and the issue started happening afterward. Could it be related to the update?",Other
"Product setup. I'm having an issue with the {product_purchased}. Please assist. We will be more than happy to refund if there's still some missing components.

The new version is expected around 4pm EST on May 6, with the I'm worried that the issue might be hardware-related and might require repair or replacement.",Other
"Hardware issue. I'm having an issue with the {product_purchased}. Please assist. $14 to $14 US

PURCHASE AVAILABLE NOW at www.champagewide.com

Lorem Ipsum I've tried using different cables, adapters, or peripherals with my {product_purchased}, but the issue persists.",Other
"Installation support. I'm having an issue with the {product_purchased}. Please assist. I rely heavily on my {product_purchased} for my daily tasks, and this issue is hindering my productivity.",Other
"Product recommendation. I'm having an issue with the {product_purchased}. Please assist. Product# : {product_purchased}, The Product : {product_purchased} Product# : {product_purchased} Brand: Brand The issue I'm facing is intermittent. Sometimes it works fine, but other times it acts up unexpectedly.",Other
"Network problem. I've accidentally deleted important data from my {product_purchased}. Is there any way to recover the deleted files? I need them urgently. No way.

1110:42 AM - Jul 12, 2012 #12 jessica I've tried different settings and configurations on my {product_purchased}, but the issue persists.",Other
"Product setup. I'm having an issue with the {product_purchased}. Please assist. I'll do my best.""

Caleb, who had heard that an attempt had been made on him to join the squad, had decided to join it. I've tried using different cables, adapters, or peripherals with my {product_purchased}, but the issue persists.",Other
"Display issue. I'm having an issue with the {product_purchased}. Please assist.

Permanent (as per product's title/purchase description)

$39.99


DELUXE-VINYL-2 This problem started occurring after the recent software update. I haven't made any other changes to the device.",Other
"Product setup. I'm having an issue with the {product_purchased}. Please assist.

14. Add a link to your order.

15. You must have at least $45 in Paypal in order to checkout. I'm concerned about the security of my {product_purchased} and would like to ensure that my data is safe.",Other
"Payment issue. I'm having an issue with the {product_purchased}. Please assist. I've followed the troubleshooting steps mentioned in the user manual, but the issue persists.",Other
"Hardware issue. I'm having an issue with the {product_purchased}. Please assist. สสทีลาาง!คมที้ต่� I rely heavily on my {product_purchased} for my daily tasks, and this issue is hindering my productivity.",Other
"Installation support. I'm facing a problem with my {product_purchased}. The {product_purchased} is not turning on. It was working fine until yesterday, but now it doesn't respond. I also cannot see a product ID. My I've checked for any available software updates for my {product_purchased}, but there are none.",Other
"Account access. I'm having an issue with the {product_purchased}. Please assist.

{product_name}

{product_sell_code}

}

# End if

# ifdef AUTO_CON I've performed a factory reset on my {product_purchased}, hoping it would resolve the problem, but it didn't help.",Other
"Cancellation request. I'm having an issue with the {product_purchased}. Please assist.

4) Use your device to purchase. If you're using a mobile device, please use the ""Download and install a new device"" function to do so I rely heavily on my {product_purchased} for my daily tasks, and this issue is hindering my productivity.",Other
"Refund request. I'm having an issue with the {product_purchased}. Please assist.

Q: Does this product include an electronic tag?

A: If you buy this product, you are free to change your mind. But you can I'm concerned about the security of my {product_purchased} and would like to ensure that my data is safe.",Other
"Refund request. I'm having an issue with the {product_purchased}. Please assist. I haven't seen this on our web page yet.""
 recognised her, ""Just like the {product_product_name}. And you can now get a { I've reviewed the troubleshooting steps on the official support website, but they didn't resolve the problem.",Other
"Product setup. My {product_purchased} crashed, and I lost all the data stored on it. Is there any way to recover the lost data? This will be the end of my account and I won't have any credit cards that need to be I've followed the troubleshooting steps mentioned in the user manual, but the issue persists.",Other
"Software bug. There seems to be a glitch in the {product_purchased} software. It freezes frequently, making it difficult to use. Can you please provide a solution? Reply Delete
I've got more problems than I can list but, to be I'm experiencing this issue on multiple devices of the same model, so it seems to be a widespread problem.",Other
"Hardware issue. There seems to be a hardware problem with my {product_purchased}. The screen is flickering, and I'm unable to use it. What should I do?

There seems to be a hardware problem with my {product_purch I'm unable to find the option to perform the desired action in the {product_purchased}. Could you please guide me through the steps?",Other
"Display issue. I've forgotten my password for my {product_purchased} account, and the password reset option is not working. How can I recover my account?

If your email is out of date and you are using a different email address, I've tried different settings and configurations on my {product_purchased}, but the issue persists.",Other
"Hardware issue. I'm having an issue with the {product_purchased}. Please assist. We would appreciate it.}

As you can see from the screenshots, the video is fairly standard setup for a lot of this stuff, including all the components to This problem started occurring after the recent software update. I haven't made any other changes to the device.",Other
"Battery life. I'm facing a problem with my {product_purchased}. The {product_purchased} is not turning on. It was working fine until yesterday, but now it doesn't respond. I don't really care because I didn't I've performed a factory reset on my {product_purchased}, hoping it would resolve the problem, but it didn't help.",Other
"Peripheral compatibility. I've forgotten my password for my {product_purchased} account, and the password reset option is not working. How can I recover my account?

We're sorry to hear your questions. Your personal information is safe for now. I'm worried that the issue might be hardware-related and might require repair or replacement.",Other
"Cancellation request. I'm having an issue with the {product_purchased}. Please assist.

What type of product are we looking for?

An overview of the product's characteristics should be provided, and there may be no other information presented for I've tried troubleshooting steps mentioned in the user manual, but the issue persists.",Other
"Peripheral compatibility. I'm having an issue with the {product_purchased}. Please assist.

6) Once you complete the sale, you will get a return voucher. It will cost you 2 to make the purchase back when sold as you see fit I've followed online tutorials and community forums to troubleshoot the issue, but no luck so far.",Other
"Payment issue. I'm having an issue with the {product_purchased}. Please assist.


[10:17]


Well, thanks so much for making you comfortable now. It's been a while since I've taken your orders. I've already contacted customer support multiple times, but the issue remains unresolved.",Other
"Network problem. I'm having an issue with the {product_purchased}. Please assist. Thanks.

This product is available now.

This product is available now.

Vinyl Larger

Size: 19X18 I need assistance as soon as possible because it's affecting my work and productivity.",Other
"Account access. I'm having an issue with the {product_purchased}. Please assist. I may be able to add additional information as needed.

I'd love to make your business more responsive - you don't get a refund if you were late I've tried troubleshooting steps mentioned in the user manual, but the issue persists.",Other
"Product compatibility. I'm having an issue with the {product_purchased}. Please assist. 1 2 3 4 5 6 7 Robertson's Fingers 1.25 - 2.25 Star - 2.50 - 1 6 - 7.00 - - $ The issue I'm facing is intermittent. Sometimes it works fine, but other times it acts up unexpectedly.",Other
"Product recommendation. I'm having an issue with the {product_purchased}. Please assist.

Please contact me.


Your payment confirmation will allow us to continue your transaction.

We will be glad to send your payment with your wallet. I've noticed a sudden decrease in battery life on my {product_purchased}. It used to last much longer.",Other
"Account access. My {product_purchased} crashed, and I lost all the data stored on it. Is there any way to recover the lost data? (And with the last one...I'm just going to wait for the data to come back...) The issue I'm facing is intermittent. Sometimes it works fine, but other times it acts up unexpectedly.",Other
"Display issue. I've accidentally deleted important data from my {product_purchased}. Is there any way to recover the deleted files? I need them urgently.

In order to access and protect your data, a software provider has to send you a password I'm concerned about the security of my {product_purchased} and would like to ensure that my data is safe.",Other
"Battery life. The {product_purchased} is unable to establish a stable internet connection. It keeps disconnecting intermittently. How can I troubleshoot this network problem?

Network: You can change your IP address using a username and password, I've noticed a peculiar error message popping up on my {product_purchased} screen. It says '{error_message}'. What does it mean?",Other
"Hardware issue. I'm having an issue with the {product_purchased}. Please assist. If I am unable to contact the retailer about my missing item, please email us at sales@hippocamps.com or by using their search function. This I'm not sure if this issue is specific to my device or if others have reported similar problems.",Other
"Cancellation request. I'm having an issue with the {product_purchased}. Please assist.

I am receiving this to test for my new product which has been ordered to me today. I've never had this problem, and had to replace my old I've tried using different cables, adapters, or peripherals with my {product_purchased}, but the issue persists.",Other
"Cancellation request. I'm having trouble connecting my {product_purchased} to my home Wi-Fi network. It doesn't detect any networks, although other devices are connecting fine. What can be done to resolve this issue?


The solution is to I need assistance as soon as possible because it's affecting my work and productivity.",Other
"Delivery problem. I'm having an issue with the {product_purchased}. Please assist.

If the payment is not cleared within 3 days by me, I have no recourse, I promise not to offer my refund in the case of a customer who I've checked the device settings and made sure that everything is configured correctly.",Other
"Data loss. I've recently set up my {product_purchased}, but it fails to connect to any available networks. What steps should I take to troubleshoot this issue?

You may get back to the page, as I was going back I've already contacted customer support multiple times, but the issue remains unresolved.",Other
"Account access. I'm having trouble connecting my {product_purchased} to my home Wi-Fi network. It doesn't detect any networks, although other devices are connecting fine. What can be done to resolve this issue? 1) If the device is I've already contacted customer support multiple times, but the issue remains unresolved.",Other
"Battery life. I'm having an issue with the {product_purchased}. Please assist. */ /*

* This must be at least one of: a

* product-purchased code that gets updated once per

* week. I've performed a factory reset on my {product_purchased}, hoping it would resolve the problem, but it didn't help.",Other
"Delivery problem. I'm having an issue with the {product_purchased}. Please assist. I'll do the best that I can.


Sidney: I understand the reason for your ""priceless."" Please excuse me for taking such great I've noticed a sudden decrease in battery life on my {product_purchased}. It used to last much longer.",Other
"Product setup. I'm having an issue with the {product_purchased}. Please assist.

I'm having an issue with the {product_purchased}. Please assist. You must check with the Product Management team for the right address. I've followed online tutorials and community forums to troubleshoot the issue, but no luck so far.",Other
"Data loss. I'm having an issue with the {product_purchased}. Please assist.

I'll be happy to answer any questions you may have. My apologies if my question is too narrow, please check out my site and see if you feel I need assistance as soon as possible because it's affecting my work and productivity.",Other
"Peripheral compatibility. I'm facing issues logging into my {product_purchased} account. It says my account is locked. What should I do to unlock it? I've already checked my account balance, but you might want to think about setting it after I I've noticed a peculiar error message popping up on my {product_purchased} screen. It says '{error_message}'. What does it mean?",Other
"Cancellation request. I'm having an issue with the {product_purchased}. Please assist.

14 #14 Pronunciation Edit

(g.g.: gee, gee, gee)

(k.: zee, I'm worried that the issue might be hardware-related and might require repair or replacement.",Other
"Product setup. The {product_purchased} is unable to establish a stable internet connection. It keeps disconnecting intermittently. How can I troubleshoot this network problem?

This is currently not feasible with the OpenPeer network as there are I rely heavily on my {product_purchased} for my daily tasks, and this issue is hindering my productivity.",Other
Product compatibility. I'm having an issue with the {product_purchased}. Please assist. I just bought a new P&C C-Pen in a new location. It's great. My only issue is that I didn't think twice about giving it This problem started occurring after the recent software update. I haven't made any other changes to the device.,Other
"Installation support. I'm facing issues logging into my {product_purchased} account. It says my account is locked. What should I do to unlock it?

If you are dealing with an account locked on your computer, simply enable the app by I'm concerned about the security of my {product_purchased} and would like to ensure that my data is safe.",Other
"Product setup. I'm having an issue with the {product_purchased}. Please assist.

3. If you see an error, then please try again by sending us an email: [email protected]

5. If you also receive this I've checked for software updates, and my {product_purchased} is already running the latest version.",Other
"Peripheral compatibility. I'm having an issue with the {product_purchased}. Please assist.

As far as the name, what is this? It's a product created by Nautilus & Wesson & Associates. It's a product whose name I've noticed a sudden decrease in battery life on my {product_purchased}. It used to last much longer.",Other
"Hardware issue. I'm having an issue with the {product_purchased}. Please assist.

{Product purchased: true, price: 50 }


{Product purchased: true, price: 50 }


{Product p I've tried using different cables, adapters, or peripherals with my {product_purchased}, but the issue persists.",Other
"Product setup. I'm having trouble connecting my {product_purchased} to my home Wi-Fi network. It doesn't detect any networks, although other devices are connecting fine. What can be done to resolve this issue? The following options are available, I've checked the device settings and made sure that everything is configured correctly.",Other
"Delivery problem. I'm having an issue with the {product_purchased}. Please assist. This includes the order number.

Please contact our Support in the form below. I'm unable to find the option to perform the desired action in the {product_purchased}. Could you please guide me through the steps?",Other
"Software bug. My {product_purchased} crashed, and I lost all the data stored on it. Is there any way to recover the lost data?

[09:43:34] [Client thread/INFO] [DimensionalWarfare I've performed a factory reset on my {product_purchased}, hoping it would resolve the problem, but it didn't help.",Other
"Product compatibility. I'm having an issue with the {product_purchased}. Please assist.

{product_name}

{product_name}

{product_title}

{product_url}

{product_ I've performed a factory reset on my {product_purchased}, hoping it would resolve the problem, but it didn't help.",Other
"Delivery problem. I've forgotten my password for my {product_purchased} account, and the password reset option is not working. How can I recover my account?

You can recover your login by resetting your password in the {product_p I'm experiencing this issue on multiple devices of the same model, so it seems to be a widespread problem.",Other
"Payment issue. I'm having trouble connecting my {product_purchased} to my home Wi-Fi network. It doesn't detect any networks, although other devices are connecting fine. What can be done to resolve this issue?


I just started to I've performed a factory reset on my {product_purchased}, hoping it would resolve the problem, but it didn't help.",Other
"Product compatibility. I'm unable to access my {product_purchased} account. It keeps displaying an 'Invalid Credentials' error, even though I'm using the correct login information. How can I regain access to my account?

The same I've performed a factory reset on my {product_purchased}, hoping it would resolve the problem, but it didn't help.",Other
"Display issue. I'm having an issue with the {product_purchased}. Please assist.

{product_purchased}. Please assist. Please advise.

I only paid a little for the package as not all is included


A I'm unable to find the option to perform the desired action in the {product_purchased}. Could you please guide me through the steps?",Other
"Display issue. I'm having an issue with the {product_purchased}. Please assist.

Please feel free to add in anything you would like.

Product Number:

Product Number

Product Code:

Shipping

Package I've followed the troubleshooting steps mentioned in the user manual, but the issue persists.",Other
"Hardware issue. I'm having an issue with the {product_purchased}. Please assist.

Please enable JavaScript to view the comments powered by Disqus. The issue I'm facing is intermittent. Sometimes it works fine, but other times it acts up unexpectedly.",Other
"Cancellation request. I'm facing a problem with my {product_purchased}. The {product_purchased} is not turning on. It was working fine until yesterday, but now it doesn't respond. If you try to play online, there is I've noticed a peculiar error message popping up on my {product_purchased} screen. It says '{error_message}'. What does it mean?",Other
"Peripheral compatibility. I'm having an issue with the {product_purchased}. Please assist. There will be an issue on your device after the update, if there is one. Please note, please do not use the product number unless using an N64 version I rely heavily on my {product_purchased} for my daily tasks, and this issue is hindering my productivity.",Other
"Peripheral compatibility. I'm having an issue with the {product_purchased}. Please assist. I've performed a factory reset on my {product_purchased}, hoping it would resolve the problem, but it didn't help.",Other
"Display issue. I'm facing a problem with my {product_purchased}. The {product_purchased} is not turning on. It was working fine until yesterday, but now it doesn't respond. I'm on my second tryout of the I've performed a factory reset on my {product_purchased}, hoping it would resolve the problem, but it didn't help.",Other
"Network problem. I'm facing a problem with my {product_purchased}. The {product_purchased} is not turning on. It was working fine until yesterday, but now it doesn't respond. I got a call. It doesn't respond I'm concerned about the security of my {product_purchased} and would like to ensure that my data is safe.",Other
"Product setup. I'm having an issue with the {product_purchased}. Please assist. — Daniel ""Darius"" DeGrootis (@Darius-DGrootis) September 19, 2015

@Darius-DGrootis I've checked the device settings and made sure that everything is configured correctly.",Other
"Peripheral compatibility. I'm having an issue with the {product_purchased}. Please assist. I've tried troubleshooting steps mentioned in the user manual, but the issue persists.",Other
"Account access. I'm having an issue with the {product_purchased}. Please assist. (If you want to change the product in our shop after its release you can use the product information you get from the link from the product on the next page on I've tried troubleshooting steps mentioned in the user manual, but the issue persists.",Other
Product recommendation. I'm having an issue with the {product_purchased}. Please assist. I'm unable to find the option to perform the desired action in the {product_purchased}. Could you please guide me through the steps?,Other
"Battery life. I'm having an issue with the {product_purchased}. Please assist.

I think this is where the problem started

I remember the story I did for my first company here. A year before that was where people said I I need assistance as soon as possible because it's affecting my work and productivity.",Other
"Refund request. There seems to be a glitch in the {product_purchased} software. It freezes frequently, making it difficult to use. Can you please provide a solution? I've checked the device settings and made sure that everything is configured correctly.",Other
"Product compatibility. I'm facing issues logging into my {product_purchased} account. It says my account is locked. What should I do to unlock it? What would my account description say?

Why are confessionals and the Like buttons on the I'm using the original charger that came with my {product_purchased}, but it's not charging properly.",Other
"Product setup. I'm having an issue with the {product_purchased}. Please assist. connector is: 4.6 mm: width: 15.5 mm: height: 10 mm: type: connector (not included) connector is: 4.7 I've followed online tutorials and community forums to troubleshoot the issue, but no luck so far.",Other
"Payment issue. I'm having an issue with the {product_purchased}. Please assist.

A quick reminder, the {product_purchased}. Please assist.

If, on you site, you want to report an issue, please I've performed a factory reset on my {product_purchased}, hoping it would resolve the problem, but it didn't help.",Other
"Installation support. I'm having an issue with the {product_purchased}. Please assist.

I just wanted to get this out to all my friends. :)

P.S.: You can check out another post about this from the company you I'm concerned about the security of my {product_purchased} and would like to ensure that my data is safe.",Other
"Software bug. I'm having an issue with the {product_purchased}. Please assist. You might be able to help. I have a $10 credit of savings on my account.


I want to make my purchases in USD/AU$ but I'm using the original charger that came with my {product_purchased}, but it's not charging properly.",Other
"Product setup. I'm having an issue with the {product_purchased}. Please assist.

I've had a lot of questions on whether to purchase a $150 iPhone, I had to check a few online stores. Most of them said to start The issue I'm facing is intermittent. Sometimes it works fine, but other times it acts up unexpectedly.",Other
"Peripheral compatibility. I'm facing a problem with my {product_purchased}. The {product_purchased} is not turning on. It was working fine until yesterday, but now it doesn't respond. I cannot wait for my {product_p I need assistance as soon as possible because it's affecting my work and productivity.",Other
"Battery life. I'm having an issue with the {product_purchased}. Please assist.

Sorry, your email address has been changed.

Sorry, that option is already selected.

Sorry, you entered an invalid quantity. Please enter I rely heavily on my {product_purchased} for my daily tasks, and this issue is hindering my productivity.",Other
"Refund request. I'm having an issue with the {product_purchased}. Please assist.

[20:45:14]GAME: Item is not added in the list at build.select()

[20:45:14]GAME I'm experiencing this issue on multiple devices of the same model, so it seems to be a widespread problem.",Other
"Software bug. There seems to be a hardware problem with my {product_purchased}. The screen is flickering, and I'm unable to use it. What should I do? I've tried troubleshooting steps mentioned in the user manual, but the issue persists.",Other
"Peripheral compatibility. I'm having an issue with the {product_purchased}. Please assist. Thanks for your patience, guys!""

The problem is that while some customers had found the error and had installed it, others found out about it from third parties I've followed online tutorials and community forums to troubleshoot the issue, but no luck so far.",Other
"Data loss. I'm having an issue with the {product_purchased}. Please assist. — S

This might have been my most important part of this interview since I've spent quite some time listening to a lot of podcasts. I found myself looking I've recently updated the firmware of my {product_purchased}, and the issue started happening afterward. Could it be related to the update?",Other
"Cancellation request. I've forgotten my password for my {product_purchased} account, and the password reset option is not working. How can I recover my account?

To recover my password, simply enter the following:

$ password_re I'm not sure if this issue is specific to my device or if others have reported similar problems.",Other
"Refund request. I'm having an issue with the {product_purchased}. Please assist.

I have an issue with the {product_purchased}. Please assist.

I have an issue with the {product_purchased}. I've recently updated the firmware of my {product_purchased}, and the issue started happening afterward. Could it be related to the update?",Other
"Refund request. I'm having an issue with the {product_purchased}. Please assist.

When you add an empty item to the cart, you're not actually removing the item.

When you add an empty item to the cart, you I'm concerned about the security of my {product_purchased} and would like to ensure that my data is safe.",Other
"Peripheral compatibility. I'm having an issue with the {product_purchased}. Please assist. If they have any further questions, I'll post it on twitter #shampoo and I don't want to waste time posting it here yet!

We will I've noticed a sudden decrease in battery life on my {product_purchased}. It used to last much longer.",Other
"Battery life. I'm having an issue with the {product_purchased}. Please assist. Please explain.""


Please be aware that the product purchase will be billed on the invoice when you arrive.


Please note that we cannot sell the goods in This problem started occurring after the recent software update. I haven't made any other changes to the device.",Other
"Network problem. I'm having an issue with the {product_purchased}. Please assist. If the customer has the required information for the product or it appears it is an error while opening the product, please forward it to the team at the point of purchase I've recently updated the firmware of my {product_purchased}, and the issue started happening afterward. Could it be related to the update?",Other
"Payment issue. There seems to be a glitch in the {product_purchased} software. It freezes frequently, making it difficult to use. Can you please provide a solution? Thank you for your interest


3.4 Bug Fix:

0 I'm worried that the issue might be hardware-related and might require repair or replacement.",Other
"Account access. I'm having an issue with the {product_purchased}. Please assist. This request must be received at the address listed below. {product_purchase},product_id{id},last_name.com. If you are unable I'm worried that the issue might be hardware-related and might require repair or replacement.",Other
"Product setup. I'm having an issue with the {product_purchased}. Please assist.

* You don't have permission to use or sell these assets in any way whatsoever without a valid U.S. Securities Service (SSA) license. I've noticed a sudden decrease in battery life on my {product_purchased}. It used to last much longer.",Other
"Product compatibility. I'm having an issue with the {product_purchased}. Please assist. Product number: 11332833. We've already received this item, and want to provide you with more accurate information, so please check back. This problem started occurring after the recent software update. I haven't made any other changes to the device.",Other
Product setup. I'm having an issue with the {product_purchased}. Please assist. Please use the best form of payment. I am unable to send you invoice or order from Paypal. If I've used an inaccurate or faulty item in your product This problem started occurring after the recent software update. I haven't made any other changes to the device.,Other
"Installation support. I'm unable to access my {product_purchased} account. It keeps displaying an 'Invalid Credentials' error, even though I'm using the correct login information. How can I regain access to my account?

Create a I've tried clearing the cache and data for the {product_purchased} app, but the issue persists.",Other
"Installation support. My {product_purchased} is making strange noises and not functioning properly. I suspect there might be a hardware issue. Can you please help me with this?

Hello dear reader here, this is the question I've wanted to ask I need assistance as soon as possible because it's affecting my work and productivity.",Other
"Data loss. I'm having an issue with the {product_purchased}. Please assist.

• No data for: The purchase amount will change per item.

• No data for: Price is charged for delivery.

• No data I've tried clearing the cache and data for the {product_purchased} app, but the issue persists.",Other
"Payment issue. I'm having an issue with the {product_purchased}. Please assist.

I was once trying to find a fix for some problem after a recent issue in my laptop. When the screen turned to black and not the red, for I'm concerned about the security of my {product_purchased} and would like to ensure that my data is safe.",Other
"Product recommendation. I'm having an issue with the {product_purchased}. Please assist. -The product should be marked as purchased after it have been purchased.

In addition, an error will be returned if the value is incorrect and you have received This problem started occurring after the recent software update. I haven't made any other changes to the device.",Other
"Cancellation request. I'm having an issue with the {product_purchased}. Please assist. :)


Thank you very much,

G.R.


Merry Christmas!! I've followed online tutorials and community forums to troubleshoot the issue, but no luck so far.",Other
"Cancellation request. I'm having an issue with the {product_purchased}. Please assist.

In regards to my previous posting here, this is what my questioner said:

Thanks for the reply. If I hear someone complain I've seen I've followed online tutorials and community forums to troubleshoot the issue, but no luck so far.",Other
"Refund request. I'm having an issue with the {product_purchased}. Please assist.

If you are unable to add this package to your favorites please use -F

Sorry, this item has been committed

We are sorry it has I've checked for software updates, and my {product_purchased} is already running the latest version.",Other
"Account access. I'm having an issue with the {product_purchased}. Please assist.

SOME OF THIS HAS BEEN REHABENED IN THIS POST. PLEASE RELEVANT! I'm unable to find the option to perform the desired action in the {product_purchased}. Could you please guide me through the steps?",Other
"Product compatibility. I'm having an issue with the {product_purchased}. Please assist. It looks like the name was just added in the ""Buy This: "" button. Please help! We will get this to you on your next payment. The link I've followed online tutorials and community forums to troubleshoot the issue, but no luck so far.",Other
"Network problem. I'm having an issue with the {product_purchased}. Please assist.

[001250] The ""I need your money to buy the product I need"".

[001250] The ""I need your money I'm unable to find the option to perform the desired action in the {product_purchased}. Could you please guide me through the steps?",Other
"Delivery problem. I'm having an issue with the {product_purchased}. Please assist.

{product_id}-4-2213: You can easily switch these for your business by simply calling the API: product_id

{ I'm concerned about the security of my {product_purchased} and would like to ensure that my data is safe.",Other
"Battery life. I'm having an issue with the {product_purchased}. Please assist.

The email address I sent to you indicates in my description what you're looking for. This problem started occurring after the recent software update. I haven't made any other changes to the device.",Other
"Payment issue. I'm having an issue with the {product_purchased}. Please assist.

This is a product made by iWorkLab, which was designed to provide you with a personalized solution to your financial problems

This product does not represent I've recently updated the firmware of my {product_purchased}, and the issue started happening afterward. Could it be related to the update?",Other
"Peripheral compatibility. I'm having an issue with the {product_purchased}. Please assist.

3. Your phone has a notification number. How do I tell if this will work with the product?

In this case, you want to ensure I need assistance as soon as possible because it's affecting my work and productivity.",Other
"Software bug. I'm having an issue with the {product_purchased}. Please assist. [10:18:28 AM] Remy: Thanks if you're doing a good job [10:18:32 AM] Remy: but this [10: I've tried clearing the cache and data for the {product_purchased} app, but the issue persists.",Other
"Cancellation request. I'm having an issue with the {product_purchased}. Please assist.

Purchased a product or a service?

Contact the retail store and ask to have it transferred here.

What's the refund policy you I've performed a factory reset on my {product_purchased}, hoping it would resolve the problem, but it didn't help.",Other
"Peripheral compatibility. My {product_purchased} crashed, and I lost all the data stored on it. Is there any way to recover the lost data? Thanks in advance for your kind help.

{model} {name} (My {product I've checked for software updates, and my {product_purchased} is already running the latest version.",Other
"Installation support. There seems to be a hardware problem with my {product_purchased}. The screen is flickering, and I'm unable to use it. What should I do?

If you choose to update your firmware (and if so, fix the I've tried different settings and configurations on my {product_purchased}, but the issue persists.",Other
"Product compatibility. I'm having an issue with the {product_purchased}. Please assist. I've followed the troubleshooting steps mentioned in the user manual, but the issue persists.",Other
"Installation support. I'm having an issue with the {product_purchased}. Please assist. In-app purchases don't always match up with your new product. In-app purchases are very costly.

Make sure you also check if your product is I've noticed a peculiar error message popping up on my {product_purchased} screen. It says '{error_message}'. What does it mean?",Other
"Product setup. There seems to be a glitch in the {product_purchased} software. It freezes frequently, making it difficult to use. Can you please provide a solution? - If the code is working fine with the latest changes, it is not possible I've noticed a peculiar error message popping up on my {product_purchased} screen. It says '{error_message}'. What does it mean?",Other
"Payment issue. I'm having an issue with the {product_purchased}. Please assist.

Note: Your name and email will not appear in my emails. I accept credit cards and money orders online and at your door. I'm experiencing this issue on multiple devices of the same model, so it seems to be a widespread problem.",Other
"Network problem. I've recently set up my {product_purchased}, but it fails to connect to any available networks. What steps should I take to troubleshoot this issue?

I've recently set up my phone into a wireless network to connect I've performed a factory reset on my {product_purchased}, hoping it would resolve the problem, but it didn't help.",Other
"Battery life. I'm having an issue with the {product_purchased}. Please assist. I understand that you may want to upgrade the product if all goes well. This also applies to refunds, so please review the information below and get on it. Thank I've already contacted customer support multiple times, but the issue remains unresolved.",Other
"Peripheral compatibility. I'm having an issue with the {product_purchased}. Please assist. Thank you.

It only has half a dozen, you see. Some people said it is full of ""chillo-me!"" that is about all I need assistance as soon as possible because it's affecting my work and productivity.",Other
"Software bug. I'm having an issue with the {product_purchased}. Please assist. We will resolve the issue together with the appropriate vendor.

8.1.13.1.5 The name of the item that was purchased. I've reviewed the troubleshooting steps on the official support website, but they didn't resolve the problem.",Other
"Installation support. I'm having an issue with the {product_purchased}. Please assist. 1 3 5 6 7 8 9 10 11 12 13 14 15 16 17 18 19 20 21 22 23 24 25 26 27 28 29 30 31 32 33 34 35 I've already contacted customer support multiple times, but the issue remains unresolved.",Other
"Hardware issue. I'm having an issue with the {product_purchased}. Please assist.

[13:13] <sunnyface> I just forgot to put my name into the credits so it might have been a little more fun if you I'm using the original charger that came with my {product_purchased}, but it's not charging properly.",Technical
"Account access. I'm having an issue with the {product_purchased}. Please assist. You will be notified when your inventory becomes available. Contact: http://www.haycott.com/contact/contact_us

Pizza Hut Food I've noticed that the issue occurs consistently when I use a specific feature or application on my {product_purchased}.",Technical
"Data loss. I'm facing issues logging into my {product_purchased} account. It says my account is locked. What should I do to unlock it? I've checked for software updates, and my {product_purchased} is already running the latest version.",Technical
"Software bug. My {product_purchased} is making strange noises and not functioning properly. I suspect there might be a hardware issue. Can you please help me with this?


Thank you.

Re: [PS3] [Xbox One I've tried different settings and configurations on my {product_purchased}, but the issue persists.",Technical
"Hardware issue. I'm having an issue with the {product_purchased}. Please assist.

Please assist.

My email address. Please enter a valid email address.

Comments are moderated.

By reviewing the rules: I've checked the device settings and made sure that everything is configured correctly.",Technical
"Product compatibility. There seems to be a hardware problem with my {product_purchased}. The screen is flickering, and I'm unable to use it. What should I do? It shouldn't be fixed. Please do not let me get stuck with this. I've already contacted customer support multiple times, but the issue remains unresolved.",Technical
"Peripheral compatibility. I'm having an issue with the {product_purchased}. Please assist.

Add a button to your checkout list

Once you have set this button on your purchase, it will appear in your shopping cart in your cart's "" I've recently updated the firmware of my {product_purchased}, and the issue started happening afterward. Could it be related to the update?",Technical
"Hardware issue. My {product_purchased} is making strange noises and not functioning properly. I suspect there might be a hardware issue. Can you please help me with this?


I thought it in its best state to go right ahead with the project I've reviewed the troubleshooting steps on the official support website, but they didn't resolve the problem.",Technical
"Hardware issue. I'm having an issue with the {product_purchased}. Please assist.

The price is already $23.79 per month. But you can easily turn this down through PayPal, even after payment is taken out, after $23 I've noticed that the issue occurs consistently when I use a specific feature or application on my {product_purchased}.",Technical
"Refund request. I'm having an issue with the {product_purchased}. Please assist. I'm using the original charger that came with my {product_purchased}, but it's not charging properly.",Technical
"Battery life. I'm having an issue with the {product_purchased}. Please assist. The product information for the [product] you purchased is the product number of this item. ""] If you have a question about what you see is a product number I've recently updated the firmware of my {product_purchased}, and the issue started happening afterward. Could it be related to the update?",Technical
"Data loss. I've recently set up my {product_purchased}, but it fails to connect to any available networks. What steps should I take to troubleshoot this issue?


Thanks,

Bryan S.


What to do I've performed a factory reset on my {product_purchased}, hoping it would resolve the problem, but it didn't help.",Technical
"Display issue. I'm having an issue with the {product_purchased}. Please assist. {product_id} can be specified by the product id number (2,3,4,5,6)

Returns an error message if no product I've checked the device settings and made sure that everything is configured correctly.",Technical
"Data loss. I'm unable to access my {product_purchased} account. It keeps displaying an 'Invalid Credentials' error, even though I'm using the correct login information. How can I regain access to my account?

My account I'm worried that the issue might be hardware-related and might require repair or replacement.",Technical
"Delivery problem. I'm having an issue with the {product_purchased}. Please assist. Contact and I'll set a refund on all payments. Thank You.

Thank you! I received a great package. My daughter needs stitches for her hip and I need assistance as soon as possible because it's affecting my work and productivity.",Technical
"Product recommendation. I'm having an issue with the {product_purchased}. Please assist. You can check the correct prices. The product is of a limited size and has been purchased for a limited quantity. The exact price listed on the product page makes it I've followed online tutorials and community forums to troubleshoot the issue, but no luck so far.",Technical
"Product compatibility. I'm having an issue with the {product_purchased}. Please assist. <br /> <br /> <input type=""text"" id=""product_purchased""> <input type=""submit"" id=""custom_purchase_ I've noticed a peculiar error message popping up on my {product_purchased} screen. It says '{error_message}'. What does it mean?",Technical
"Display issue. I'm encountering a software bug in the {product_purchased}. Whenever I try to perform a specific action, the application crashes. Are there any updates or fixes available? I've seen several changes here in the code that let me find and I've performed a factory reset on my {product_purchased}, hoping it would resolve the problem, but it didn't help.",Technical
"Hardware issue. My {product_purchased} crashed, and I lost all the data stored on it. Is there any way to recover the lost data? Please give us the number for me to try to repair.""

He added: ""I have I've noticed a sudden decrease in battery life on my {product_purchased}. It used to last much longer.",Technical
"Product compatibility. I'm facing a problem with my {product_purchased}. The {product_purchased} is not turning on. It was working fine until yesterday, but now it doesn't respond. I'm working around this problem by switching off I've noticed a peculiar error message popping up on my {product_purchased} screen. It says '{error_message}'. What does it mean?",Technical
"Data loss. My {product_purchased} is making strange noises and not functioning properly. I suspect there might be a hardware issue. Can you please help me with this?


Thanks,

-Derek

Dear Derek, I'm using the original charger that came with my {product_purchased}, but it's not charging properly.",Technical
"Installation support. I'm having an issue with the {product_purchased}. Please assist.

Product Rating

1 out of 2 found this review helpful Excellent Product! My Husband and I love this stuff! I've had it for about a I rely heavily on my {product_purchased} for my daily tasks, and this issue is hindering my productivity.",Technical
"Delivery problem. I'm having an issue with the {product_purchased}. Please assist.

A. I'm only interested in price - this is not a sale, so it does not apply to the sale itself.

Q. Can I I've already contacted customer support multiple times, but the issue remains unresolved.",Technical
"Peripheral compatibility. I'm having an issue with the {product_purchased}. Please assist.

} else {

this.message.set_error(""Invalid Product Purchase"" );

} else {

this.message.set I've checked for software updates, and my {product_purchased} is already running the latest version.",Technical
"Software bug. I'm having an issue with the {product_purchased}. Please assist. If this is not happening please contact me before contacting me or I'll explain. I've checked for any available software updates for my {product_purchased}, but there are none.",Technical
"Product recommendation. My {product_purchased} crashed, and I lost all the data stored on it. Is there any way to recover the lost data? No. I hope the user is a bit wiser and has seen the error message. Please make sure The issue I'm facing is intermittent. Sometimes it works fine, but other times it acts up unexpectedly.",Technical
"Cancellation request. I'm having an issue with the {product_purchased}. Please assist.

5.7.1 Bug Fixes


5.7.2 Bug Fixes


BUG FIXED:

Dictionary now accepts data (s I've recently updated the firmware of my {product_purchased}, and the issue started happening afterward. Could it be related to the update?",Technical
"Software bug. I'm having an issue with the {product_purchased}. Please assist.

You may send the product to:

Apple: Customer Service at:

Apple Inc.

2401 S. Capitol

Fris I've checked for any available software updates for my {product_purchased}, but there are none.",Technical
Product recommendation. I'm having an issue with the {product_purchased}. Please assist. I'm worried that the issue might be hardware-related and might require repair or replacement.,Technical
"Product compatibility. I'm having an issue with the {product_purchased}. Please assist. Sorry for the inconvenience. #GrowWithYourGrasp

RAW Paste Data

# Product Purchase Name: <Name> Product Name: <City> I need assistance as soon as possible because it's affecting my work and productivity.",Technical
"Installation support. I'm having an issue with the {product_purchased}. Please assist.


Please don't send me any items, the name of the person that bought my item's items is irrelevant.


{product_id} for any I've reviewed the troubleshooting steps on the official support website, but they didn't resolve the problem.",Technical
"Cancellation request. I've encountered a data loss issue with my {product_purchased}. All the files and documents seem to have disappeared. Can you guide me on how to retrieve them? If there is any other information, please let me know. Thanks. I'm worried that the issue might be hardware-related and might require repair or replacement.",Technical
"Peripheral compatibility. I'm having an issue with the {product_purchased}. Please assist.

I'll get my account closed. Go ahead, but send me a msg. It's not your problem. I'll get my account closed. Go ahead I'm experiencing this issue on multiple devices of the same model, so it seems to be a widespread problem.",Technical
"Payment issue. I'm having an issue with the {product_purchased}. Please assist.

Click here to send a copy of the product to a friend

About the Author

Ben is the founder and editor of Pocket Sized Book. I've followed online tutorials and community forums to troubleshoot the issue, but no luck so far.",Technical
"Software bug. I'm having an issue with the {product_purchased}. Please assist. If that is your situation, please report it here. I'm unable to find the option to perform the desired action in the {product_purchased}. Could you please guide me through the steps?",Technical
"Network problem. I'm having an issue with the {product_purchased}. Please assist.

A friend complained after receiving the notification the price was downgraded after receiving the notification.

Beneath the name of the brand, there is no This problem started occurring after the recent software update. I haven't made any other changes to the device.",Technical
Product compatibility. I'm having an issue with the {product_purchased}. Please assist. (4.9.1) - (a) We received new {product_purchased}. We appreciate your patience. (4.9.0) This problem started occurring after the recent software update. I haven't made any other changes to the device.,Technical
"Payment issue. I'm having an issue with the {product_purchased}. Please assist.

The product_purchased line was created from a combination of a pre-shared, a post-shared, and a post-sharing program. In I've performed a factory reset on my {product_purchased}, hoping it would resolve the problem, but it didn't help.",Technical
"Battery life. I'm having an issue with the {product_purchased}. Please assist. I was recently in the market for an R-CAS for the R-RT and so after reading the reviews I went to see if there were any things I I've performed a factory reset on my {product_purchased}, hoping it would resolve the problem, but it didn't help.",Technical
"Delivery problem. I've forgotten my password for my {product_purchased} account, and the password reset option is not working. How can I recover my account?

It is possible to revert your purchases, but only if you manually reset your password I'm not sure if this issue is specific to my device or if others have reported similar problems.",Technical
"Cancellation request. I'm having an issue with the {product_purchased}. Please assist.

We'll keep a low profile in the meantime.


Contact Us via Facebook:

Facebook: www.instagram.com/shywh The issue I'm facing is intermittent. Sometimes it works fine, but other times it acts up unexpectedly.",Technical
"Display issue. There seems to be a glitch in the {product_purchased} software. It freezes frequently, making it difficult to use. Can you please provide a solution? Thank you.

Please contact: jelena@huffingtonpost The issue I'm facing is intermittent. Sometimes it works fine, but other times it acts up unexpectedly.",Technical
"Product setup. I'm having an issue with the {product_purchased}. Please assist.

What is a

Brand Tops™™

? Product lines are a great way to express your company and your unique style. From brands designed I'm not sure if this issue is specific to my device or if others have reported similar problems.",Technical
"Data loss. I'm having an issue with the {product_purchased}. Please assist. - All the above information was given at last. So, if you purchase this product directly from the salesperson, you should ask for an explanation as to why on This problem started occurring after the recent software update. I haven't made any other changes to the device.",Technical
"Battery life. I'm having an issue with the {product_purchased}. Please assist.

I've been unable to find any information regarding the information on page 7.

I cannot see what happens when I open the site, or when I I've tried troubleshooting steps mentioned in the user manual, but the issue persists.",Technical
"Product setup. I'm having an issue with the {product_purchased}. Please assist. I've already contacted customer support multiple times, but the issue remains unresolved.",Technical
"Product recommendation. I'm having an issue with the {product_purchased}. Please assist.

2) If for any reason this product fails to return your package without your express consent, you can return it at any time, provided that you have paid I need assistance as soon as possible because it's affecting my work and productivity.",Technical
"Product setup. I'm having an issue with the {product_purchased}. Please assist. Thank you for your help!

X

X

I don't want to get so carried away with all the things from this thread. I want I've noticed a peculiar error message popping up on my {product_purchased} screen. It says '{error_message}'. What does it mean?",Technical
Data loss. I'm having an issue with the {product_purchased}. Please assist. Thank you I'm unable to find the option to perform the desired action in the {product_purchased}. Could you please guide me through the steps?,Technical
"Installation support. I'm having an issue with the {product_purchased}. Please assist.

I can not receive any compensation. You see this message. Please assist.

I can not accept payment. You see this message. Please assist. I've checked for software updates, and my {product_purchased} is already running the latest version.",Technical
"Product recommendation. I'm having an issue with the {product_purchased}. Please assist.

# $ product_solution.product_solution,

# product_hijo_code,.additional_code.add_ I need assistance as soon as possible because it's affecting my work and productivity.",Technical
"Product recommendation. I'm having an issue with the {product_purchased}. Please assist. I rely heavily on my {product_purchased} for my daily tasks, and this issue is hindering my productivity.",Technical
"Installation support. I'm having an issue with the {product_purchased}. Please assist. If anything, the price could be reduced to $3.99. If a new order won't ship, please inquire.

*NEW**

D I've reviewed the troubleshooting steps on the official support website, but they didn't resolve the problem.",Technical
"Payment issue. I've recently set up my {product_purchased}, but it fails to connect to any available networks. What steps should I take to troubleshoot this issue?

[Update 11 January 2014, 17:53pm: For those This problem started occurring after the recent software update. I haven't made any other changes to the device.",Technical
"Refund request. I'm having an issue with the {product_purchased}. Please assist.

If that doesn't work and we want to change all of your orders, just please send us a PM. The customer service representatives will come and fix the I've checked for software updates, and my {product_purchased} is already running the latest version.",Technical
"Product compatibility. I'm having an issue with the {product_purchased}. Please assist.

{product_product} / ${product_product}

When the first of the two is selected,

the ""product"" option in $ I've performed a factory reset on my {product_purchased}, hoping it would resolve the problem, but it didn't help.",Technical
"Delivery problem. I'm encountering a software bug in the {product_purchased}. Whenever I try to perform a specific action, the application crashes. Are there any updates or fixes available?

This issue shows up when trying to do things, such as I'm worried that the issue might be hardware-related and might require repair or replacement.",Technical
"Product recommendation. I'm unable to access my {product_purchased} account. It keeps displaying an 'Invalid Credentials' error, even though I'm using the correct login information. How can I regain access to my account?

In this I've followed the troubleshooting steps mentioned in the user manual, but the issue persists.",Technical
"Peripheral compatibility. I'm having an issue with the {product_purchased}. Please assist.

How to fix an issue with the {product_purchased}. Please assist.

Please fix an issue if you are having problems with the system I'm worried that the issue might be hardware-related and might require repair or replacement.",Technical
"Installation support. I'm having an issue with the {product_purchased}. Please assist.

A:

b: Please assist us, we won't be able to give this product to you until it's returned to us.

c I'm not sure if this issue is specific to my device or if others have reported similar problems.",Technical
"Product compatibility. I'm having an issue with the {product_purchased}. Please assist. This is a new product from Rotten Tomato, but it's now being shipped with a price quote of between $30-$40. I'll be giving the product I've recently updated the firmware of my {product_purchased}, and the issue started happening afterward. Could it be related to the update?",Technical
"Hardware issue. I'm having an issue with the {product_purchased}. Please assist. You will be able to select the product to install. This could save you many thousands if the product is already in a system or may be able to be installed without The issue I'm facing is intermittent. Sometimes it works fine, but other times it acts up unexpectedly.",Billing
"Software bug. I'm having an issue with the {product_purchased}. Please assist. 1st of August 2018

$49.95 USD $50.00 Canada 1st of August 2018

$49.95 USD $50.00 I've checked the device settings and made sure that everything is configured correctly.",Other
